pool_name,base_mint,pool_address,deployed_at,closed_at,pnl_pct,pnl_usd,fees_earned_usd,fees_earned_sol,fee_earned_pct,range_efficiency,minutes_held,close_reason,close_category,band,strategy,volatility_at_deploy,fee_tvl_ratio,initial_fee_tvl_24h,organic_score
PUP-SOL,HrMp2mmpyDZJ65Mspzib7NJPXeZe2cvY5stfHG9nhWTH,6iQxLLAjSBC54NL3RDC9Vko7anNzwUoy2GuSG7u237Fb,,2026-05-05T21:15:31.552Z,-0.14,-0.06,1.645819032971e-06,,3.7945048262282247e-06,50,4,Upper OOR close (Band C): out of range for 2m (limit: 1m),OOR,C,bid_ask,3.8,,,
PUP-SOL,HrMp2mmpyDZJ65Mspzib7NJPXeZe2cvY5stfHG9nhWTH,6iQxLLAjSBC54NL3RDC9Vko7anNzwUoy2GuSG7u237Fb,,2026-05-05T22:01:20.305Z,0.44,0.19,0.029039891810532528,,0.06713946500016457,96.6,29,Protective close (Band B): pumped above range but pnl 0.20% < 1.5% threshold,Protective Close,B,bid_ask,,,,
PUP-SOL,HrMp2mmpyDZJ65Mspzib7NJPXeZe2cvY5stfHG9nhWTH,6iQxLLAjSBC54NL3RDC9Vko7anNzwUoy2GuSG7u237Fb,,2026-05-06T01:41:01.039Z,0.64,0.28,0.47205130006468554,,1.0912152223535632,100,155,Trailing TP (Band C): peak 1.03% → current 0.22% (drop 0.81% >= 0.75%),Trailing TP,C,bid_ask,4.7,,,
Wish-SOL,2ssMotVbTUfRJev2UnibHzHsoeszPzgwbfsTZPSHpump,5eeVtRPEasMzUMYXbCKMMr86313g4uSeLcaiHeGyc6yu,,2026-05-05T02:19:40.474Z,0.26,0.11,0.007413292011292868,,0.017573197923879423,87,54,Upper OOR close (Band A): out of range for 7m (limit: 7m),OOR,A,bid_ask,,,,
Wish-SOL,2ssMotVbTUfRJev2UnibHzHsoeszPzgwbfsTZPSHpump,5eeVtRPEasMzUMYXbCKMMr86313g4uSeLcaiHeGyc6yu,,2026-05-05T18:30:41.298Z,0.01,0.01,0.000142314312577706,,0.0003322425894962697,42.9,7,Upper OOR close (Band B): out of range for 4m (limit: 4m),OOR,B,bid_ask,,,,
Wish-SOL,2ssMotVbTUfRJev2UnibHzHsoeszPzgwbfsTZPSHpump,5eeVtRPEasMzUMYXbCKMMr86313g4uSeLcaiHeGyc6yu,,2026-05-05T18:49:36.363Z,0.17,0.07,0.001235250583740886,,0.002884710651669964,57.1,14,Upper OOR close (Band B): out of range for 5m (limit: 4m),OOR,B,bid_ask,,,,
Wish-SOL,2ssMotVbTUfRJev2UnibHzHsoeszPzgwbfsTZPSHpump,5eeVtRPEasMzUMYXbCKMMr86313g4uSeLcaiHeGyc6yu,,2026-05-07T10:35:10.431Z,-1.16,-0.52,0.11672537423786754,,0.259421078961048,100,180,Low yield: fee/TVL 2.06% < min 5% (age: 180m),Low Yield,unknown,bid_ask,,,,
Staccana-SOL,73edX6xoGY4v5y2hzuKdrUbJXLntqgmo74au1Ki1pump,5zcaS5XgxgNQcMkNZq5AJi8inwrx3mNv9WqiAUUk4eg9,,2026-05-05T06:41:51.978Z,-0.06,-0.02,0.13861310119152614,,0.32654933872992536,90.9,55,Protective close (Band A): pumped above range but pnl -0.16% < 2% threshold,Protective Close,A,bid_ask,,,,
SCAM-SOL,6AVAUKa9uxQpruHZUinFECpXEh1usRVtzQWK8N2wpump,EsT7ZcG2zqApdLYvhsiVosZdfidcTD9Qf7E1wo7HbaDm,,2026-05-05T06:14:59.947Z,-0.22,-0.1,0.00518554599591653,,0.01219730534054588,83.3,18,Upper OOR close (Band B): out of range for 3m (limit: 3m),OOR,B,bid_ask,,,,
SCAM-SOL,6AVAUKa9uxQpruHZUinFECpXEh1usRVtzQWK8N2wpump,EsT7ZcG2zqApdLYvhsiVosZdfidcTD9Qf7E1wo7HbaDm,,2026-05-05T19:49:02.325Z,2.02,0.86,1.0627097801004581,,2.4899605973439756,100,121,Trailing TP (Band B): peak 2.69% → current 1.76% (drop 0.93% >= 0.75%),Trailing TP,B,bid_ask,,,,
SCAM-SOL,6AVAUKa9uxQpruHZUinFECpXEh1usRVtzQWK8N2wpump,EsT7ZcG2zqApdLYvhsiVosZdfidcTD9Qf7E1wo7HbaDm,,2026-05-05T20:35:30.455Z,0.62,0.27,0.01555605022691466,,0.03603565658674351,81,42,Upper OOR close (Band A): out of range for 8m (limit: 7m),OOR,A,bid_ask,,,,
SCAM-SOL,6AVAUKa9uxQpruHZUinFECpXEh1usRVtzQWK8N2wpump,EsT7ZcG2zqApdLYvhsiVosZdfidcTD9Qf7E1wo7HbaDm,,2026-05-06T11:18:31.389Z,0.37,0.16,0.000876913704621263,,0.0019623192859062927,50,18,Upper OOR close (Band A): out of range for 8m (limit: 8m),OOR,A,bid_ask,,,,
SCAM-SOL,6AVAUKa9uxQpruHZUinFECpXEh1usRVtzQWK8N2wpump,EsT7ZcG2zqApdLYvhsiVosZdfidcTD9Qf7E1wo7HbaDm,,2026-05-07T05:46:10.731Z,0.48,0.21,0.02155156522980533,,0.04894652783798366,95.3,86,Upper OOR close (Band B): out of range for 4m (limit: 4m),OOR,B,bid_ask,,,,
Apple-SOL,Aw5SxKyYhXFdZj2BHCqs11UaV5ohwpFQjauB9jFhpump,D1ThWcrzeXP89d9BU63dqxpacChpnUQ2jEc5YHgnwQq9,,2026-05-05T15:15:19.329Z,0.36,0.16,0.021220015751535846,,0.04967463902163982,56.3,16,Upper OOR close (Band A): out of range for 7m (limit: 7m),OOR,A,bid_ask,0.46,,,
Apple-SOL,Aw5SxKyYhXFdZj2BHCqs11UaV5ohwpFQjauB9jFhpump,D1ThWcrzeXP89d9BU63dqxpacChpnUQ2jEc5YHgnwQq9,,2026-05-05T18:20:49.693Z,1.58,0.67,0.5353247952100135,,1.2540567765868882,94.1,34,Harvest close (Band B): pumped above range with pnl 1.64% >= 1.5% threshold,Harvest Close,B,bid_ask,2.82,,,
GME-SOL,35Lod8esDj2c1QuzceUYMRhBwTJuEzoYD4fqttk1pump,6ar1dCseS9ba97hYzYpTyEmjs9xPjnmd4qXAu4vxN11b,,2026-05-05T19:25:03.317Z,-14.74,-6.33,2.8175053391245326,,6.565825690844262,72.7,33,Stop loss: PnL -15.37% <= -15% (bid_ask),Stop Loss,unknown,bid_ask,,,,
Apple-SOL,Aw5SxKyYhXFdZj2BHCqs11UaV5ohwpFQjauB9jFhpump,4rbcx3WiozWQoRmygVDSXoQa9Kz37kpPNzQ7etuTfqkn,,2026-05-05T19:27:20.347Z,0.29,0.13,0.000480430229899653,,0.0011164496175400428,100,4,Protective close (Band B): pumped above range but pnl 0.26% < 1.5% threshold,Protective Close,B,bid_ask,,,,
Apple-SOL,Aw5SxKyYhXFdZj2BHCqs11UaV5ohwpFQjauB9jFhpump,4rbcx3WiozWQoRmygVDSXoQa9Kz37kpPNzQ7etuTfqkn,,2026-05-05T21:13:46.732Z,0.05,0.02,0.00144841012488709,,0.003342897022928014,30,10,Upper OOR close (Band A): out of range for 7m (limit: 7m),OOR,A,bid_ask,,,,
Apple-SOL,Aw5SxKyYhXFdZj2BHCqs11UaV5ohwpFQjauB9jFhpump,4rbcx3WiozWQoRmygVDSXoQa9Kz37kpPNzQ7etuTfqkn,,2026-05-05T21:30:01.243Z,1.13,0.49,0.4655258047297484,,1.0761197964554152,66.7,6,Protective close (Band A): pumped above range but pnl 1.11% < 2% threshold,Protective Close,A,bid_ask,,,,
Apple-SOL,Aw5SxKyYhXFdZj2BHCqs11UaV5ohwpFQjauB9jFhpump,4rbcx3WiozWQoRmygVDSXoQa9Kz37kpPNzQ7etuTfqkn,,2026-05-07T15:28:13.543Z,-0.12,-0.05,0.004169984157331458,,0.009472006125781477,40,5,Upper OOR close (Band B): out of range for 3m (limit: 3m),OOR,B,bid_ask,1.9497,,,
Apple-SOL,Aw5SxKyYhXFdZj2BHCqs11UaV5ohwpFQjauB9jFhpump,4rbcx3WiozWQoRmygVDSXoQa9Kz37kpPNzQ7etuTfqkn,,2026-05-09T09:27:37.630Z,-0.18,-0.08,0.10389790791084315,,0.22160848074725814,95.5,66,Upper OOR close (Band B): out of range for 3m (limit: 3m),OOR,B,bid_ask,1.9497,,,
Apple-SOL,Aw5SxKyYhXFdZj2BHCqs11UaV5ohwpFQjauB9jFhpump,4rbcx3WiozWQoRmygVDSXoQa9Kz37kpPNzQ7etuTfqkn,,2026-05-09T22:30:33.857Z,0.09,0.04,0.07740668159896628,,0.16578797293747896,92.1,38,Upper OOR close (Band B): out of range for 3m (limit: 3m),OOR,B,bid_ask,1.9497,,,
Apple-SOL,Aw5SxKyYhXFdZj2BHCqs11UaV5ohwpFQjauB9jFhpump,4rbcx3WiozWQoRmygVDSXoQa9Kz37kpPNzQ7etuTfqkn,,2026-05-10T17:12:50.367Z,-0.02,-0.01,0.000354245410887387,,0.0007452866793696063,33.3,6,Upper OOR close (Band B): out of range for 4m (limit: 4m),OOR,B,bid_ask,,,,
Apple-SOL,Aw5SxKyYhXFdZj2BHCqs11UaV5ohwpFQjauB9jFhpump,4rbcx3WiozWQoRmygVDSXoQa9Kz37kpPNzQ7etuTfqkn,,2026-05-11T06:47:37.602Z,-0.12,-0.06,0.03255500289932969,,0.06799770779987985,80,40,Upper OOR close (Band B): out of range for 8m (limit: 4m),OOR,B,bid_ask,,,,
HANTA-SOL,2tXpgu2DLTsPUf9zFmuZmA4xrYxXKBTpVq9wAM7hzs9y,3myCH5uoBixL3Cb24Rr5mPPRPsgBu5uZ7ufQvbndQJ5m,,2026-05-06T11:18:00.119Z,0.15,0.07,0.000606079130083849,,0.0013537793540058,100,2,Protective close (Band C): pumped above range but pnl 0.20% < 1% threshold,Protective Close,C,bid_ask,4.1,,,
HANTA-SOL,2tXpgu2DLTsPUf9zFmuZmA4xrYxXKBTpVq9wAM7hzs9y,3myCH5uoBixL3Cb24Rr5mPPRPsgBu5uZ7ufQvbndQJ5m,,2026-05-07T02:35:09.501Z,0.08,0.03,0.010675612529416945,,0.024270733757382854,66.7,15,Upper OOR close (Band B): out of range for 5m (limit: 3m),OOR,B,bid_ask,2.34,,,
HANTA-SOL,2tXpgu2DLTsPUf9zFmuZmA4xrYxXKBTpVq9wAM7hzs9y,3myCH5uoBixL3Cb24Rr5mPPRPsgBu5uZ7ufQvbndQJ5m,,2026-05-07T04:41:04.627Z,-0.18,-0.08,1.75977181085e-07,,3.9931454838867025e-07,16.7,6,Protective close (Band A): pumped above range but pnl -0.26% < 2% threshold,Protective Close,A,bid_ask,1.41,,,
USDUC-SOL,CB9dDufT3ZuQXqqSfa1c5kY935TEreyBw9XJXxHKpump,67C4rdUriP9EFbUo7CeoiFhM52Jgu9LZpe37Jk2k1tHZ,,2026-05-07T01:54:30.309Z,-0.17,-0.08,0.000276342540946822,,0.0006261208463921086,60,5,Upper OOR close (Band C): out of range for 2m (limit: 2m),OOR,C,bid_ask,3.4027,,,
USDUC-SOL,CB9dDufT3ZuQXqqSfa1c5kY935TEreyBw9XJXxHKpump,67C4rdUriP9EFbUo7CeoiFhM52Jgu9LZpe37Jk2k1tHZ,,2026-05-07T04:38:09.572Z,0.81,0.36,0.42218485694900093,,0.9563540717962858,98.7,154,Upper OOR close (Band C): out of range for 2m (limit: 2m),OOR,C,bid_ask,3.4027,,,
USDUC-SOL,CB9dDufT3ZuQXqqSfa1c5kY935TEreyBw9XJXxHKpump,67C4rdUriP9EFbUo7CeoiFhM52Jgu9LZpe37Jk2k1tHZ,,2026-05-07T06:58:32.633Z,1.2,0.53,0.3898821094374233,,0.8802118838292895,100,99,Trailing TP (Band C): peak 1.57% → current 0.59% (drop 0.98% >= 0.75%),Trailing TP,C,bid_ask,3.4027,,,
HANTA-SOL,2tXpgu2DLTsPUf9zFmuZmA4xrYxXKBTpVq9wAM7hzs9y,DQiGxibDKXMSL8uTjMzVE5HK4w1CcUe2tLJvEVGVw8N2,,2026-05-07T20:13:49.270Z,9.19,4.07,4.911322593780788,,11.102753150781492,100,36,Trailing TP (Band B): peak 10.46% → current 8.36% (drop 2.10% >= 0.75%),Trailing TP,B,bid_ask,,,,
HANTA-SOL,2tXpgu2DLTsPUf9zFmuZmA4xrYxXKBTpVq9wAM7hzs9y,DQiGxibDKXMSL8uTjMzVE5HK4w1CcUe2tLJvEVGVw8N2,,2026-05-08T18:57:22.875Z,-0.06,-0.03,4.3154849358398e-05,,9.336773809434719e-05,0,4,Upper OOR close (Band B): out of range for 4m (limit: 4m),OOR,B,bid_ask,,,,
HANTA-SOL,2tXpgu2DLTsPUf9zFmuZmA4xrYxXKBTpVq9wAM7hzs9y,4d4XPuZ5392FMYGMoPfTdoSDXfBV9nByAcVbbT7ZQ4Ho,,2026-05-07T22:52:46.679Z,0.05,0.02,0.000736432292096375,,0.0016747041365522209,0,1,Protective close (Band B): pumped above range but pnl -0.02% < 1.5% threshold,Protective Close,B,bid_ask,2.9845,,,
HANTA-SOL,2tXpgu2DLTsPUf9zFmuZmA4xrYxXKBTpVq9wAM7hzs9y,4d4XPuZ5392FMYGMoPfTdoSDXfBV9nByAcVbbT7ZQ4Ho,,2026-05-08T00:43:57.637Z,-0.05,-0.02,0.00922803789641681,,0.020885247701610102,57.1,7,Upper OOR close (Band B): out of range for 3m (limit: 3m),OOR,B,bid_ask,2.9845,,,
HANTA-SOL,2tXpgu2DLTsPUf9zFmuZmA4xrYxXKBTpVq9wAM7hzs9y,4d4XPuZ5392FMYGMoPfTdoSDXfBV9nByAcVbbT7ZQ4Ho,,2026-05-08T01:59:35.280Z,1.1,0.49,0.7724134538953944,,1.751988989438319,100,68,Trailing TP (Band B): peak 1.55% → current 0.65% (drop 0.90% >= 0.75%),Trailing TP,B,bid_ask,2.9845,,,
HANTA-SOL,2tXpgu2DLTsPUf9zFmuZmA4xrYxXKBTpVq9wAM7hzs9y,4d4XPuZ5392FMYGMoPfTdoSDXfBV9nByAcVbbT7ZQ4Ho,,2026-05-09T08:52:16.246Z,6.28,2.95,3.8928300087561367,,8.28525016610491,100,165,Trailing TP (Band A): peak 6.51% → current 5.60% (drop 0.91% >= 0.75%),Trailing TP,A,bid_ask,,,,
HANTA-SOL,2tXpgu2DLTsPUf9zFmuZmA4xrYxXKBTpVq9wAM7hzs9y,4d4XPuZ5392FMYGMoPfTdoSDXfBV9nByAcVbbT7ZQ4Ho,,2026-05-10T03:57:35.341Z,0.7,0.33,0.13028167747986732,,0.28007061840479386,85.2,81,Upper OOR close (Band A): out of range for 11m (limit: 7m),OOR,A,bid_ask,1.08,,,
HANTA-SOL,2tXpgu2DLTsPUf9zFmuZmA4xrYxXKBTpVq9wAM7hzs9y,4d4XPuZ5392FMYGMoPfTdoSDXfBV9nByAcVbbT7ZQ4Ho,,2026-05-11T00:02:44.696Z,0.53,0.26,0.02431172385041935,,0.05062551081814955,77.3,44,Upper OOR close (Band A): out of range for 8m (limit: 7m),OOR,A,bid_ask,,,,
HANTA-SOL,2tXpgu2DLTsPUf9zFmuZmA4xrYxXKBTpVq9wAM7hzs9y,4d4XPuZ5392FMYGMoPfTdoSDXfBV9nByAcVbbT7ZQ4Ho,,2026-05-11T12:17:33.578Z,-0.07,-0.03,0,,0,20,10,Upper OOR close (Band B): out of range for 8m (limit: 4m),OOR,B,bid_ask,,,,
HANTA-SOL,2tXpgu2DLTsPUf9zFmuZmA4xrYxXKBTpVq9wAM7hzs9y,4d4XPuZ5392FMYGMoPfTdoSDXfBV9nByAcVbbT7ZQ4Ho,,2026-05-12T01:37:28.745Z,-1.01,-0.49,0.12801275216360472,,0.26245492552754696,100,45,Protective close (Band B): pumped above range but pnl -0.98% < 1.5% threshold,Protective Close,B,bid_ask,2.98,,,
BURNIE-SOL,CGEDT9QZDvvH5GmVkWJH2BXiMJqMJySC9ihWyr7Spump,EgGACLzNtvTWfjWopkMbbcRsUPAaSCcgPjbNqUCcLUCJ,,2026-05-08T00:32:21.316Z,0.27,0.12,0.025249616435595743,,0.057246407589010805,100,85,Trailing TP (Band B): peak 1.76% → current 0.27% (drop 1.49% >= 0.75%),Trailing TP,B,bid_ask,1.8979,,,
PENGUIN-SOL,8Jx8AAHj86wbQgUTjGuj6GTTL5Ps3cqxKRTvpaJApump,FCL8pjNQsDAggZVczYfnn6tfbYoMnJykGT2cpdTULAxB,,2026-05-08T01:45:51.522Z,0.13,0.06,0.08430840720381702,,0.19107261419118649,98.4,128,Protective close (Band A): pumped above range but pnl 0.33% < 2% threshold,Protective Close,A,bid_ask,0.3888,,,
unc-SOL,ACtfUWtgvaXrQGNMiohTusi5jcx5RJf5zwu9aAxkpump,7AqRdscJbVd2m3o3kPnNQHSMHNwFUyWNU2NRctyteADb,,2026-05-08T00:59:42.235Z,-0.21,-0.09,0.01517709133134891,,0.034328752430797194,80.6,67,Upper OOR close (Band A): out of range for 12m (limit: 8m),OOR,A,bid_ask,0.9849,,,
unc-SOL,ACtfUWtgvaXrQGNMiohTusi5jcx5RJf5zwu9aAxkpump,7AqRdscJbVd2m3o3kPnNQHSMHNwFUyWNU2NRctyteADb,,2026-05-08T04:53:44.140Z,0.53,0.23,0.0710380235130905,,0.16171796241489397,96.3,164,Protective close (Band A): pumped above range but pnl 0.43% < 2% threshold,Protective Close,A,bid_ask,1.0719,,,
Goblin-SOL,3KHMZhpthXuiCcgfTv7vVu9PpEz64KAEURFwi6Lopump,453Z9ggMEdMnBiMLc5hHthxC3P4qhmhFUoTqkRnHDhqr,,2026-05-08T02:13:37.865Z,-0.32,-0.14,0.024569192426206754,,0.05570042061698551,93.9,66,Upper OOR close (Band B): out of range for 4m (limit: 4m),OOR,B,bid_ask,,,,
Aliens-SOL,F5tfztTnE4sYsMhZT5KrFpWvHmYSfJZoRjCuxKPbpump,Cy4ZW25mnXpwD1XUUio8V6bPjpVBDCXJ58fkcZaAKuoS,,2026-05-08T04:27:53.338Z,1.44,0.64,0.7994880975926291,,1.814906481442895,100,155,Trailing TP (Band B): peak 2.03% → current 1.20% (drop 0.83% >= 0.75%),Trailing TP,B,bid_ask,2.8763,,,
Punch-SOL,NV2RYH954cTJ3ckFUpvfqaQXU4ARqqDH3562nFSpump,HNPsPeDXAPN5keviUiJjzpGfATPNZb5PKpxtg1ex6kLp,,2026-05-08T02:58:53.558Z,-0.04,-0.02,0,,0,0,4,Upper OOR close (Band B): out of range for 4m (limit: 4m),OOR,B,bid_ask,2.582,,,
HENTAI-SOL,8jpRiwbUXLWH4yFQaF2TBDUkWDkfKWtBMX95sibTpump,8Ekpf8vdwW3woQZFV1cWu8PatZb5ZQuZAt9mDTMvDyb9,,2026-05-09T01:32:39.012Z,1.12,0.52,0.6068366168017706,,1.311196168855412,100,11,Trailing TP (Band B): peak 2.19% → current 1.07% (drop 1.12% >= 0.75%),Trailing TP,B,bid_ask,,,,
HENTAI-SOL,8jpRiwbUXLWH4yFQaF2TBDUkWDkfKWtBMX95sibTpump,8Ekpf8vdwW3woQZFV1cWu8PatZb5ZQuZAt9mDTMvDyb9,,2026-05-09T07:42:49.223Z,0.11,0.05,0.001129479196860958,,0.0024131712808400357,47.6,21,Upper OOR close (Band A): out of range for 11m (limit: 7m),OOR,A,bid_ask,,,,
HENTAI-SOL,8jpRiwbUXLWH4yFQaF2TBDUkWDkfKWtBMX95sibTpump,8Ekpf8vdwW3woQZFV1cWu8PatZb5ZQuZAt9mDTMvDyb9,,2026-05-09T15:32:39.005Z,4.86,2.27,3.151856318832769,,6.746649280458639,100,160,Trailing TP (Band A): peak 5.92% → current 5.13% (drop 0.79% >= 0.75%),Trailing TP,A,bid_ask,,,,
HENTAI-SOL,8jpRiwbUXLWH4yFQaF2TBDUkWDkfKWtBMX95sibTpump,8Ekpf8vdwW3woQZFV1cWu8PatZb5ZQuZAt9mDTMvDyb9,,2026-05-10T03:43:59.856Z,0.39,0.18,0.10865215117953377,,0.23311628667263534,100,7,Protective close (Band B): pumped above range but pnl 0.49% < 1.5% threshold,Protective Close,B,bid_ask,,,,
HENTAI-SOL,8jpRiwbUXLWH4yFQaF2TBDUkWDkfKWtBMX95sibTpump,8Ekpf8vdwW3woQZFV1cWu8PatZb5ZQuZAt9mDTMvDyb9,,2026-05-10T23:50:06.050Z,1.19,0.57,0.011906599010087506,,0.024943100714592083,89.4,94,Upper OOR close (Band B): out of range for 7m (limit: 4m),OOR,B,bid_ask,,,,
HENTAI-SOL,8jpRiwbUXLWH4yFQaF2TBDUkWDkfKWtBMX95sibTpump,8Ekpf8vdwW3woQZFV1cWu8PatZb5ZQuZAt9mDTMvDyb9,,2026-05-11T13:22:28.505Z,0.61,0.29,0.1527727981122935,,0.32198703127710654,86.7,60,Upper OOR close (Band B): out of range for 8m (limit: 4m),OOR,B,bid_ask,,,,
UAP-SOL,3jG3vjwbEuQCR3YkJKtLmH41jqHx9n36BBW1Kznkpump,ycZpnP2ThMqM2jzxdp7ppMdP1ayrvRhaJej4EjTYYoM,,2026-05-09T13:58:51.637Z,0.39,0.18,2.9199410572463997,,6.26170072174962,100,51,Trailing TP (Band A): peak 2.47% → current -0.95% (drop 3.42% >= 0.75%),Trailing TP,A,bid_ask,1.2,,,
UAP-SOL,3jG3vjwbEuQCR3YkJKtLmH41jqHx9n36BBW1Kznkpump,ycZpnP2ThMqM2jzxdp7ppMdP1ayrvRhaJej4EjTYYoM,,2026-05-09T21:10:54.144Z,-14.07,-6.56,2.4739972385355102,,5.305185481302567,99.1,114,Stop loss: PnL -16.20% <= -15% (bid_ask),Stop Loss,unknown,bid_ask,1.2,,,
Bear-SOL,8BuGJvmzrtKg1Pq31pdcabFk5UVdvykAYqNqPfWGpump,HFxS4ebpoeCjf7ukvwrv5pjyBWc9jXjBsHBTfiV9PuZX,,2026-05-09T18:42:56.559Z,-0.07,-0.03,0.001222192118596369,,0.0026168330136630944,20,5,Upper OOR close (Band B): out of range for 4m (limit: 4m),OOR,B,bid_ask,,,,
Bear-SOL,8BuGJvmzrtKg1Pq31pdcabFk5UVdvykAYqNqPfWGpump,HFxS4ebpoeCjf7ukvwrv5pjyBWc9jXjBsHBTfiV9PuZX,,2026-05-09T19:42:12.145Z,0.15,0.07,0.02555793872456065,,0.05481781868009083,78.6,14,Protective close (Band B): pumped above range but pnl 0.24% < 1.5% threshold,Protective Close,B,bid_ask,,,,
Bear-SOL,8BuGJvmzrtKg1Pq31pdcabFk5UVdvykAYqNqPfWGpump,HFxS4ebpoeCjf7ukvwrv5pjyBWc9jXjBsHBTfiV9PuZX,,2026-05-09T22:55:45.344Z,5.9,2.75,2.908765435264697,,6.236295651015593,100,123,Trailing TP (Band A): peak 6.60% → current 5.35% (drop 1.25% >= 1.25%),Trailing TP,A,bid_ask,,,,
Bear-SOL,8BuGJvmzrtKg1Pq31pdcabFk5UVdvykAYqNqPfWGpump,HFxS4ebpoeCjf7ukvwrv5pjyBWc9jXjBsHBTfiV9PuZX,,2026-05-11T00:40:04.803Z,0.48,0.23,0.13308085834775094,,0.27658347281741935,91,100,Upper OOR close (Band B): out of range for 6m (limit: 4m),OOR,B,bid_ask,,,,
LIMINAL-SOL,CYSVBkXuuDaZ4gNqzQPaWuoxejr6ZgTKLSJeGNdjpump,74RmdzhwHYCiLsFm5ex82cEampdgwGJLL5oLm5uo7L2x,,2026-05-09T20:15:44.248Z,-0.15,-0.07,0.000172074660231093,,0.00036846505055507836,55.6,9,Upper OOR close (Band B): out of range for 4m (limit: 4m),OOR,B,bid_ask,,,,
LIMINAL-SOL,CYSVBkXuuDaZ4gNqzQPaWuoxejr6ZgTKLSJeGNdjpump,74RmdzhwHYCiLsFm5ex82cEampdgwGJLL5oLm5uo7L2x,,2026-05-09T21:53:47.487Z,1.44,0.67,0.9954928679528968,,2.134605270572123,100,91,Trailing TP (Band B): peak 1.57% → current 0.80% (drop 0.77% >= 0.75%),Trailing TP,B,bid_ask,,,,
LIMINAL-SOL,CYSVBkXuuDaZ4gNqzQPaWuoxejr6ZgTKLSJeGNdjpump,74RmdzhwHYCiLsFm5ex82cEampdgwGJLL5oLm5uo7L2x,,2026-05-09T23:01:19.525Z,0.08,0.04,0.012573467191105971,,0.02693469427596248,82.1,39,Upper OOR close (Band A): out of range for 7m (limit: 7m),OOR,A,bid_ask,,,,
LIMINAL-SOL,CYSVBkXuuDaZ4gNqzQPaWuoxejr6ZgTKLSJeGNdjpump,74RmdzhwHYCiLsFm5ex82cEampdgwGJLL5oLm5uo7L2x,,2026-05-10T13:27:39.430Z,0.14,0.07,0.000109056464645801,,0.00023312444454859978,33.3,6,Upper OOR close (Band B): out of range for 4m (limit: 4m),OOR,B,bid_ask,,,,
LIMINAL-SOL,CYSVBkXuuDaZ4gNqzQPaWuoxejr6ZgTKLSJeGNdjpump,74RmdzhwHYCiLsFm5ex82cEampdgwGJLL5oLm5uo7L2x,,2026-05-11T01:58:46.116Z,-0.03,-0.02,0.000494735685700478,,0.0010298567659796833,21.4,14,Upper OOR close (Band A): out of range for 9m (limit: 7m),OOR,A,bid_ask,,,,
BABYTROLL-SOL,6qdzMx4c9rL2X3Ns3SwZ8uEo4zReDPjdXpAEmpo7pump,4fAQF2roWPBwWg5Z2pLaBkkxkbmtM94EKeBGNynLcAAW,,2026-05-11T21:11:23.458Z,-0.13,-0.06,7.7254418289412e-05,,0.0001583500654763416,0,4,Upper OOR close (Band B): out of range for 4m (limit: 4m),OOR,B,bid_ask,,,,
BABYTROLL-SOL,6qdzMx4c9rL2X3Ns3SwZ8uEo4zReDPjdXpAEmpo7pump,4fAQF2roWPBwWg5Z2pLaBkkxkbmtM94EKeBGNynLcAAW,,2026-05-12T05:45:25.790Z,0.12,0.06,0.023108653328667583,,0.04786747664303481,50,8,Upper OOR close (Band B): out of range for 4m (limit: 4m),OOR,B,bid_ask,,,,
BABYTROLL-SOL,6qdzMx4c9rL2X3Ns3SwZ8uEo4zReDPjdXpAEmpo7pump,4fAQF2roWPBwWg5Z2pLaBkkxkbmtM94EKeBGNynLcAAW,,2026-05-12T06:37:33.101Z,0.07,0.03,0.11708286740011511,,0.24242207952594758,66.7,30,Upper OOR close (Band A): out of range for 9m (limit: 7m),OOR,A,bid_ask,1,,,
CROWDCAM-SOL,FUkQZqqYSx4rgCRJfMoTyeFGbvN89a7Q1iMz11K8pump,7pJMzVjvYr5rAWJSjY4i7tGidZ5kgBmKGQBDz52NQW9R,,2026-05-12T03:46:35.984Z,-0.11,-0.06,0.00166111524535389,,0.0034517528963920415,60,10,Upper OOR close (Band B): out of range for 4m (limit: 4m),OOR,B,bid_ask,,,,
CROWDCAM-SOL,FUkQZqqYSx4rgCRJfMoTyeFGbvN89a7Q1iMz11K8pump,7pJMzVjvYr5rAWJSjY4i7tGidZ5kgBmKGQBDz52NQW9R,,2026-05-12T05:42:40.065Z,2.39,1.15,0.8609923436003541,,1.7922602846234397,100,96,Trailing TP (Band A): peak 3.48% → current 2.43% (drop 1.05% >= 0.75%),Trailing TP,A,bid_ask,1.2,,,
CROWDCAM-SOL,FUkQZqqYSx4rgCRJfMoTyeFGbvN89a7Q1iMz11K8pump,7pJMzVjvYr5rAWJSjY4i7tGidZ5kgBmKGQBDz52NQW9R,,2026-05-12T06:43:03.701Z,0.76,0.37,0.6053907764137169,,1.2560123915178916,100,6,Trailing TP (Band B): peak 2.52% → current 1.66% (drop 0.86% >= 0.75%),Trailing TP,B,bid_ask,,,,
SWATCH-SOL,FRZdAqPfrTbx264tRhVDSoGExUvYg5C6wwZSzCqypump,Ga3c6GjXsZtsLvyEdY2hrXupw8GsL3Wg2eMYTy3uqepW,,2026-05-12T06:42:46.402Z,-0.16,-0.08,0.19124560601459656,,0.39503839236825244,76.2,21,Upper OOR close (Band B): out of range for 5m (limit: 4m),OOR,B,bid_ask,,,,
